{
    "f1_score": 0.8432466822059779,
    "precision": 0.8604856792450264,
    "recall": 0.8359216443930991,
    "accuracy": 0.8443009344681863,
    "auc": 0.8469816029516559
}