{
    "f1_score": 0.958904109589041,
    "precision": 0.9210526315789473,
    "recall": 1.0,
    "accuracy": 0.9844559585492227,
    "auc": 0.9905063291139241
}