{
    "f1_score": 0.8888888888888888,
    "precision": 0.8421052631578947,
    "recall": 0.9411764705882353,
    "accuracy": 0.9583333333333334,
    "auc": 0.9930193596425912
}