{
    "CNN":{
        "raw_1":{
            "f1_score": 0.23076923076923078,
            "precision": 0.35294117647058826,
            "recall": 0.17142857142857143,
            "accuracy": 0.7927461139896373,
            "auc": 0.5509041591320073
        },
        "raw_2":{
            "f1_score": 0.23076923076923078,
            "precision": 0.35294117647058826,
            "recall": 0.17142857142857143,
            "accuracy": 0.7927461139896373,
            "auc": 0.5509041591320073
        },
        "raw_3":{
            "f1_score": 0.30508474576271183,
            "precision": 0.375,
            "recall": 0.2571428571428571,
            "accuracy": 0.7875647668393783,
            "auc": 0.5811030741410488
        },
        "raw_4":{
            "f1_score": 0.42857142857142855,
            "precision": 0.4166666666666667,
            "recall": 0.4411764705882353,
            "accuracy": 0.7916666666666666,
            "auc": 0.654132539091586
        },
        "raw_5":{
            "f1_score": 0.35820895522388063,
            "precision": 0.35294117647058826,
            "recall": 0.36363636363636365,
            "accuracy": 0.7724867724867724,
            "auc": 0.6113053613053614
        },
        "aug_1":{
            "f1_score": 0.7945205479452055,
            "precision": 0.7631578947368421,
            "recall": 0.8285714285714286,
            "accuracy": 0.9222797927461139,
            "auc": 0.8858047016274865
        },
        "aug_2":{
            "f1_score": 0.8985507246376812,
            "precision": 0.9117647058823529,
            "recall": 0.8857142857142857,
            "accuracy": 0.9637305699481865,
            "auc": 0.9333634719710668
        },
        "aug_3":{
            "f1_score": 0.8378378378378378,
            "precision": 0.7948717948717948,
            "recall": 0.8857142857142857,
            "accuracy": 0.9378238341968912,
            "auc": 0.9175406871609403
        },
        "aug_4":{
            "f1_score": 0.8823529411764706,
            "precision": 0.8823529411764706,
            "recall": 0.8823529411764706,
            "accuracy": 0.9583333333333334,
            "auc": 0.9285182427401341
        },
        "aug_5":{
            "f1_score": 0.8571428571428571,
            "precision": 0.8108108108108109,
            "recall": 0.9090909090909091,
            "accuracy": 0.9470899470899471,
            "auc": 0.9321095571095571
        },
        "train":{
            "f1_score": 0.8024106257351653,
            "precision": 0.7915644429804949,
            "recall": 0.818831016016817,
            "accuracy": 0.7988750669603,
            "auc": 0.799090689569917
        }
    },
    "XGBoost":{
        "raw_1":{
            "f1_score": 0.3636363636363636,
            "precision": 0.8888888888888888,
            "recall": 0.22857142857142856,
            "accuracy": 0.8549222797927462,
            "auc": 0.722242314647378
        },
        "raw_2":{
            "f1_score": 0.3555555555555555,
            "precision": 0.8,
            "recall": 0.22857142857142856,
            "accuracy": 0.8497409326424871,
            "auc": 0.7056057866184449
        },
        "raw_3":{
            "f1_score": 0.23809523809523808,
            "precision": 0.7142857142857143,
            "recall": 0.14285714285714285,
            "accuracy": 0.8341968911917098,
            "auc": 0.6242314647377939
        },
        "raw_4":{
            "f1_score": 0.27906976744186046,
            "precision": 0.6666666666666666,
            "recall": 0.17647058823529413,
            "accuracy": 0.8385416666666666,
            "auc": 0.7870439314966493
        },
        "raw_5":{
            "f1_score": 0.15789473684210525,
            "precision": 0.6,
            "recall": 0.09090909090909091,
            "accuracy": 0.8306878306878307,
            "auc": 0.6870629370629371
        },
        "aug_1":{
            "f1_score": 0.8857142857142857,
            "precision": 0.8857142857142857,
            "recall": 0.8857142857142857,
            "accuracy": 0.9585492227979274,
            "auc": 0.9942133815551537
        },
        "aug_2":{
            "f1_score": 0.9142857142857143,
            "precision": 0.9142857142857143,
            "recall": 0.9142857142857143,
            "accuracy": 0.9689119170984456,
            "auc": 0.9902350813743219
        },
        "aug_3":{
            "f1_score": 0.8648648648648648,
            "precision": 0.8205128205128205,
            "recall": 0.9142857142857143,
            "accuracy": 0.9481865284974094,
            "auc": 0.9902350813743218
        },
        "aug_4":{
            "f1_score": 0.9014084507042254,
            "precision": 0.8648648648648649,
            "recall": 0.9411764705882353,
            "accuracy": 0.9635416666666666,
            "auc": 0.9949739389426657
        },
        "aug_5":{
            "f1_score": 0.8955223880597014,
            "precision": 0.8823529411764706,
            "recall": 0.9090909090909091,
            "accuracy": 0.9629629629629629,
            "auc": 0.9904817404817404
        },
        "train":{
            "f1_score": 0.8461765336593803,
            "precision": 0.844392509161769,
            "recall": 0.8490103258061852,
            "accuracy": 0.8461678868321331,
            "auc": 0.9229407548490167
        }
    },
    "RandomForest":{
        "raw_1":{
            "f1_score": 0.1081081081081081,
            "precision": 1.0,
            "recall": 0.05714285714285714,
            "accuracy": 0.8290155440414507,
            "auc": 0.7308318264014467
        },
        "raw_2":{
            "f1_score": 0.20512820512820512,
            "precision": 1.0,
            "recall": 0.11428571428571428,
            "accuracy": 0.8393782383419689,
            "auc": 0.6945750452079565
        },
        "raw_3":{
            "f1_score": 0.15789473684210528,
            "precision": 1.0,
            "recall": 0.08571428571428572,
            "accuracy": 0.8341968911917098,
            "auc": 0.6902350813743218
        },
        "raw_4":{
            "f1_score": 0.1111111111111111,
            "precision": 1.0,
            "recall": 0.058823529411764705,
            "accuracy": 0.8333333333333334,
            "auc": 0.7631236038719285
        },
        "raw_5":{
            "f1_score": 0.0,
            "precision": 0.0,
            "recall": 0.0,
            "accuracy": 0.8253968253968254,
            "auc": 0.713966588966589
        },
        "aug_1":{
            "f1_score": 0.9166666666666667,
            "precision": 0.8918918918918919,
            "recall": 0.9428571428571428,
            "accuracy": 0.9689119170984456,
            "auc": 0.9928571428571429
        },
        "aug_2":{
            "f1_score": 0.9014084507042254,
            "precision": 0.8888888888888888,
            "recall": 0.9142857142857143,
            "accuracy": 0.9637305699481865,
            "auc": 0.9887884267631103
        },
        "aug_3":{
            "f1_score": 0.8767123287671234,
            "precision": 0.8421052631578947,
            "recall": 0.9142857142857143,
            "accuracy": 0.9533678756476683,
            "auc": 0.9898734177215189
        },
        "aug_4":{
            "f1_score": 0.8888888888888888,
            "precision": 0.8421052631578947,
            "recall": 0.9411764705882353,
            "accuracy": 0.9583333333333334,
            "auc": 0.9930193596425912
        },
        "aug_5":{
            "f1_score": 0.8955223880597014,
            "precision": 0.8823529411764706,
            "recall": 0.9090909090909091,
            "accuracy": 0.9629629629629629,
            "auc": 0.9886363636363635
        },
        "train":{
            "f1_score": 0.8389031248307942,
            "precision": 0.8545235505223857,
            "recall": 0.8246203209858681,
            "accuracy": 0.8423863658909191,
            "auc": 0.9039854187578366
        }
    },
    "SVM":{
        "raw_1":{
            "f1_score": 0.1081081081081081,