{
    "CNN":{
        "raw_1":{
            "f1_score": 0.23076923076923078,
            "precision": 0.35294117647058826,
            "recall": 0.17142857142857143,
            "accuracy": 0.7927461139896373,
            "auc": 0.5509041591320073
        },
        "raw_2":{
            "f1_score": 0.23076923076923078,
            "precision": 0.35294117647058826,
            "recall": 0.17142857142857143,
            "accuracy": 0.7927461139896373,
            "auc": 0.5509041591320073
        },
        "raw_3":{
            "f1_score": 0.30508474576271183,
            "precision": 0.375,
            "recall": 0.2571428571428571,
            "accuracy": 0.7875647668393783,
            "auc": 0.5811030741410488
        },
        "raw_4":{
            "f1_score": 0.42857142857142855,
            "precision": 0.4166666666666667,
            "recall": 0.4411764705882353,
            "accuracy": 0.7916666666666666,
            "auc": 0.654132539091586
        },
        "raw_5":{
            "f1_score": 0.35820895522388063,
            "precision": 0.35294117647058826,
            "recall": 0.36363636363636365,
            "accuracy": 0.7724867724867724,
            "auc": 0.6113053613053614
        },
        "aug_1":{
            "f1_score": 0.7945205479452055,
            "precision": 0.7631578947368421,
            "recall": 0.8285714285714286,
            "accuracy": 0.9222797927461139,
            "auc": 0.8858047016274865
        },
        "aug_2":{
            "f1_score": 0.8985507246376812,
            "precision": 0.9117647058823529,
            "recall": 0.8857142857142857,
            "accuracy": 0.9637305699481865,
            "auc": 0.9333634719710668
        },
        "aug_3":{
            "f1_score": 0.8378378378378378,
            "precision": 0.7948717948717948,
            "recall": 0.8857142857142857,
            "accuracy": 0.9378238341968912,
            "auc": 0.9175406871609403
        },
        "aug_4":{
            "f1_score": 0.8823529411764706,
            "precision": 0.8823529411764706,
            "recall": 0.8823529411764706,
            "accuracy": 0.9583333333333334,
            "auc": 0.9285182427401341
        },
        "aug_5":{
            "f1_score": 0.8571428571428571,
            "precision": 0.8108108108108109,
            "recall": 0.9090909090909091,
            "accuracy": 0.9470899470899471,
            "auc": 0.9321095571095571
        }
    }
}