{
    "f1_score": 0.8181818181818182,
    "precision": 0.84375,
    "recall": 0.7941176470588235,
    "accuracy": 0.9375,
    "auc": 0.9485294117647058
}