{
    "f1_score": 0.8985507246376812,
    "precision": 0.9117647058823529,
    "recall": 0.8857142857142857,
    "accuracy": 0.9637305699481865,
    "auc": 0.9333634719710668
}