{
    "f1_score": 0.8719047058592444,
    "precision": 0.8803626655047389,
    "recall": 0.8643689272793008,
    "accuracy": 0.8732813523004582,
    "auc": 0.9376532399920455
}