{
    "f1_score": 0.7619047619047619,
    "precision": 0.8571428571428571,
    "recall": 0.6857142857142857,
    "accuracy": 0.9222797927461139,
    "auc": 0.9589511754068716
}