{
    "f1_score": 0.3636363636363636,
    "precision": 0.8888888888888888,
    "recall": 0.22857142857142856,
    "accuracy": 0.8549222797927462,
    "balanced_accuracy": 0.611121157323689,
    "auc": 0.722242314647378
}