{
    "f1_score": 0.8571428571428571,
    "precision": 0.8108108108108109,
    "recall": 0.9090909090909091,
    "accuracy": 0.9470899470899471,
    "auc": 0.9321095571095571
}