{
    "f1_score": 0.1081081081081081,
    "precision": 1.0,
    "recall": 0.05714285714285714,
    "accuracy": 0.8290155440414507,
    "auc": 0.6433996383363472
}