{
    "f1_score": 0.0,
    "precision": 0.0,
    "recall": 0.0,
    "accuracy": 0.8229166666666666,
    "auc": 0.7777364110201042
}