{
    "f1_score": 0.15789473684210528,
    "precision": 1.0,
    "recall": 0.08571428571428572,
    "accuracy": 0.8341968911917098,
    "auc": 0.7094032549728753
}