{
    "f1_score": 0.8461765336593803,
    "precision": 0.844392509161769,
    "recall": 0.8490103258061852,
    "accuracy": 0.8461678868321331,
    "auc": 0.9229407548490167
}