{
    "f1_score": 0.9117647058823528,
    "precision": 0.9117647058823529,
    "recall": 0.9117647058823529,
    "accuracy": 0.96875,
    "auc": 0.9463886820551004
}