{
    "f1_score": 0.8024106257351653,
    "precision": 0.7915644429804949,
    "recall": 0.818831016016817,
    "accuracy": 0.7988750669603,
    "auc": 0.799090689569917
}