{
    "f1_score": 0.75,
    "precision": 0.8275862068965517,
    "recall": 0.6857142857142857,
    "accuracy": 0.917098445595855,
    "auc": 0.9580470162748644
}