{
    "f1_score": 0.3555555555555555,
    "precision": 0.8,
    "recall": 0.22857142857142856,
    "accuracy": 0.8497409326424871,
    "balanced_accuracy": 0.6079566003616637,
    "auc": 0.7056057866184449
}