{
    "f1_score": 0.23809523809523808,
    "precision": 0.7142857142857143,
    "recall": 0.14285714285714285,
    "accuracy": 0.8341968911917098,
    "auc": 0.6242314647377939
}