{
    "f1_score": 0.9014084507042254,
    "precision": 0.8648648648648649,
    "recall": 0.9411764705882353,
    "accuracy": 0.9635416666666666,
    "auc": 0.9949739389426657
}