{
    "f1_score": 0.8076924563085253,
    "precision": 0.8009202942430675,
    "recall": 0.818724380891279,
    "accuracy": 0.805817114060671,
    "auc": 0.8061633645725388
}