{
    "f1_score": 0.27906976744186046,
    "precision": 0.6666666666666666,
    "recall": 0.17647058823529413,
    "accuracy": 0.8385416666666666,
    "balanced_accuracy": 0.5787416232315711,
    "auc": 0.7870439314966493
}