{
    "f1_score": 0.7384615384615385,
    "precision": 0.8,
    "recall": 0.6857142857142857,
    "accuracy": 0.9119170984455959,
    "auc": 0.9292947558770343
}