{
    "f1_score": 0.05882352941176471,
    "precision": 1.0,
    "recall": 0.030303030303030304,
    "accuracy": 0.8306878306878307,
    "auc": 0.6353923853923853
}