{
    "f1_score": 0.8464796874481996,
    "precision": 0.8761351824551659,
    "recall": 0.8201220085028218,
    "accuracy": 0.8525008432037776,
    "auc": 0.8512214427642336
}