{
    "f1_score": 0.8857142857142857,
    "precision": 0.8857142857142857,
    "recall": 0.8857142857142857,
    "accuracy": 0.9585492227979274,
    "balanced_accuracy": 0.9301989150090415,
    "auc": 0.9942133815551537
}