{
    "f1_score": 0.8389031248307942,
    "precision": 0.8545235505223857,
    "recall": 0.8246203209858681,
    "accuracy": 0.8423863658909191,
    "auc": 0.9039854187578366
}