{
    "f1_score": 0.9142857142857143,
    "precision": 0.9142857142857143,
    "recall": 0.9142857142857143,
    "accuracy": 0.9689119170984456,
    "auc": 0.9902350813743219
}