{
    "f1_score": 0.9166666666666667,
    "precision": 0.8918918918918919,
    "recall": 0.9428571428571428,
    "accuracy": 0.9689119170984456,
    "auc": 0.9928571428571429
}