{
    "f1_score": 0.7741935483870968,
    "precision": 0.8275862068965517,
    "recall": 0.7272727272727273,
    "accuracy": 0.9259259259259259,
    "auc": 0.9590132090132091
}