{
    "f1_score": 0.0,
    "precision": 0.0,
    "recall": 0.0,
    "accuracy": 0.8253968253968254,
    "auc": 0.713966588966589
}