{
    "f1_score": 0.20512820512820512,
    "precision": 1.0,
    "recall": 0.11428571428571428,
    "accuracy": 0.8393782383419689,
    "auc": 0.6945750452079565
}