{
    "f1_score": 0.1111111111111111,
    "precision": 1.0,
    "recall": 0.058823529411764705,
    "accuracy": 0.8333333333333334,
    "auc": 0.7631236038719285
}