{
    "f1_score": 0.8767123287671234,
    "precision": 0.8421052631578947,
    "recall": 0.9142857142857143,
    "accuracy": 0.9533678756476683,
    "auc": 0.98987341772151890
}