{
    "f1_score": 0.8378378378378378,
    "precision": 0.7948717948717948,
    "recall": 0.8857142857142857,
    "accuracy": 0.9378238341968912,
    "auc": 0.9175406871609403
}