{
    "f1_score": 0.7945205479452055,
    "precision": 0.7631578947368421,
    "recall": 0.8285714285714286,
    "accuracy": 0.9222797927461139,
    "auc": 0.8858047016274865
}