{
    "f1_score": 0.8823529411764706,
    "precision": 0.8823529411764706,
    "recall": 0.8823529411764706,
    "accuracy": 0.9583333333333334,
    "auc": 0.9285182427401341
}