{
    "f1_score": 0.8648648648648648,
    "precision": 0.8205128205128205,
    "recall": 0.9142857142857143,
    "accuracy": 0.9481865284974094,
    "auc": 0.9902350813743218
}