{
    "f1_score": 0.9014084507042254,
    "precision": 0.8888888888888888,
    "recall": 0.9142857142857143,
    "accuracy": 0.9637305699481865,
    "auc": 0.9444846292947557
}