{
    "f1_score": 0.15789473684210525,
    "precision": 0.6,
    "recall": 0.09090909090909091,
    "accuracy": 0.8306878306878307,
    "auc": 0.6870629370629371
}