{
    "f1_score": 0.90625,
    "precision": 0.9354838709677419,
    "recall": 0.8787878787878788,
    "accuracy": 0.9682539682539683,
    "auc": 0.9329836829836832
}