{
    "f1_score": 0.48837209302325585,
    "precision": 0.39622641509433965,
    "recall": 0.6363636363636364,
    "accuracy": 0.7671957671957672,
    "auc": 0.7156177156177156
}