{
    "f1_score": 0.26168224299065423,
    "precision": 0.19444444444444445,
    "recall": 0.4,
    "accuracy": 0.5906735751295337,
    "auc": 0.5164556962025316
}