{
    "f1_score": 0.2790697674418604,
    "precision": 0.75,
    "recall": 0.17142857142857143,
    "accuracy": 0.8393782383419689,
    "auc": 0.5793851717902351
}