{
    "f1_score": 0.4776119402985075,
    "precision": 0.48484848484848486,
    "recall": 0.47058823529411764,
    "accuracy": 0.8177083333333334,
    "auc": 0.6814966492926285
}