{
    "f1_score": 0.8955223880597014,
    "precision": 0.8823529411764706,
    "recall": 0.9090909090909091,
    "accuracy": 0.9629629629629629,
    "auc": 0.9904817404817404
}