{
    "f1_score": 0.9117647058823529,
    "precision": 0.9393939393939394,
    "recall": 0.8857142857142857,
    "accuracy": 0.9689119170984456,
    "auc": 0.9365280289330922
}