{
    "f1_score": 0.30508474576271183,
    "precision": 0.375,
    "recall": 0.2571428571428571,
    "accuracy": 0.7875647668393783,
    "auc": 0.5811030741410488
}