{
    "f1_score": 0.23076923076923078,
    "precision": 0.35294117647058826,
    "recall": 0.17142857142857143,
    "accuracy": 0.7927461139896373,
    "auc": 0.5509041591320073
}