{
    "f1_score": 0.35820895522388063,
    "precision": 0.35294117647058826,
    "recall": 0.36363636363636365,
    "accuracy": 0.7724867724867724,
    "auc": 0.6113053613053614
}