{
    "f1_score": 0.42857142857142855,
    "precision": 0.4166666666666667,
    "recall": 0.4411764705882353,
    "accuracy": 0.7916666666666666,
    "auc": 0.654132539091586
}